1,the date is 10/21/2016,,,,,,
1,the time is 9:00 AM,,,,,,
5,Mr. Magoo is a popular cartoon character from the 1940s.,,,,,,
5,He is known for being comically near-sighted.,,,,,,
5,Mr. Magoo was voiced by Bobby Backus.,,,,,,
5,Jim's party is at 4 pm today.,,,,,,
5,"Actually, Jim's party is at 5 pm.",,,,,,
5,Tina wants a dog and a cat.,,,,,,
5,"Actually, Tina only wants a cat.",,,,,,
4,Aubrey White wears white dresses.,,,,,,
4,Aubrey White is female.,,,,,,
5,Aubrey Black wears black ties.,,,,,,
5,Aubrey Black is male.,,,,,,
4,Pat White is male.,,,,,,
4,Mr. White wears white ties.,,,,,,
5,Pat Black is a woman.,,,,,,
5,Mrs. Black wears black dresses.,,,,,,
5,Taylor Keegan is a great actress.,,,,,,
5,Taylor Monegan is a waiter.,,,,,,
5,Dr. Kendrick Marmion Murphy Jr. is very tall. ,,,,,,
5,"The North American Society for Marine Mammal Research, an organization in Boston, is giving a presentation.",,,,,,
5,Carl's last name is Weathers.,,,,,,
5,Carl's middle name is Austin.,,,,,,
5,Robin and Jasmine are a team.,,,,,,
5,Every car is red.,,,,,,
5,Cindy eats apples so the doctor stays away.,,,,,,
5,Carla was eating pie.,,,,,,
5,Carla is copying the reports.,,,,,,
5,"Carla will email her client, Jenny.",,,,,,
5,Raquel sang to Martha a song.,,,,,,
5,"Julius will, in a few minutes, bring the cake.",,,,,,
5,"I will, when I get home, feed the dog.",,,,,,
5,Carla gave the materials to Wilma said Zachary.,,,,,,
5,an object was updated by an actor is the same as the actor updated the object.,,,,,,
5,The contact numbers that Carla gave to Miranda were actually updated by Erina.,,,,,,
5,Selena looked over the tax plan so that she could prepare to answer Miriam's questions.,,,,,,
5,Kayla knew the pamphlet would cover all the talking points her staff was looking for.,,,,,,
5,Carla asked Miranda to clarify the question about the quarterly revenue made by her company before taxes.,,,,,,
5,Carla sent her boss the blueprints.,,,,,,
5,Kayla brewed Terrence another batch of coffee.,,,,,,
5,Kayla gave Mike twenty dollars.,,,,,,
5,Currency is money.,,,,,,
5,Sally is a girl.,,,,,,
5,Panz's birthday is 11/20/2016.,,,,,,
5,Anthony's ceremony is 3 days after her birthday.,,,,,,
5,"Bill's favorite wine is Etna Rosso, and he doesn't like white wine.",,,,,,
5,James just bought a 20 ft plane.,,,,,,
5,It has the 250 hp Evinrude engine.,,,,,,
5,James sold his eighteen foot plane to his neighbor because it's too slow!,,,,,,
4,"The men rescued in this tale of three castaways were not named Tom Hanks, or Gilligan or Robinson Crusoe.",,,,,,
4,Though they might as well have been.,,,,,,
4,"In a scene straight from Hollywood, a U.S. Navy plane spotted the word ""help"" spelled out in palm fronds on a beach.",,,,,,
4,It was on a deserted island in the remote Pacific.,,,,,,
4,The three men had been missing for three days.,,,,,,
4,Two cargo ships searched a combined 17 hours for the men as part of AMVER.,,,,,,
4,It is a Coast Guard voluntary search and rescue program.,,,,,,
4,Viola will play with her horse at 3 PM at the park with Stan.,,,,,,
4,Suzie suggested that Phil run at 7 AM at 5.,,,,,,
4,Rufus climbed the mountain.,,,,,,
5,"If Jim receives pictures, then he will download them.",,,,,,
5,"If Logan's inbox is full, then he will not receive new emails.",,,,,,
5,"If Marcus is early, then he cleans the blackboards.",,,,,,
5,"If Simon proposes at the wedding, then Marie takes pictures.",,,,,,
5,"If you close the window, the window is closed.",,,,,,
5,this is from http://money.cnn.com/data/world_markets/americas/?iid=H_MKT_QL,,,,,,
5,Google bought DeepMind in 2014.,,,,,,
5,DeepMind's AI released AlphaGo last month.,,,,,,
5,this is from Jane.,,,,,,
5,Red unicorns were flying over a lake.,,,,,,
3,DefaultUser:: Murray is Stan's teacher.,,,,,,
3,Scott's brother Ralph lives in Florida.,,,,,,
3,Scott's brother Ethan lives in Texas.,,,,,,
3,Scott's brother from Florida is running for office.,,,,,,
3,Scott's wife is Nan.,,,,,,
3,Trevor has 2 sisters.,,,,,,
3,"Trevor's sister, Alisha, is happy.",,,,,,
3,"Trevor, Becky's brother, is nice.",,,,,,
3,"The father of Kenisha, Kenneth, is having a meltdown.",,,,,,
3,Ronald's new robot is so cool.,,,,,,
3,It is Ozmo.,,,,,,
3,The book about cats is big.,,,,,,
3,The book about cats is orange.,,,,,,
3,The book about dogs is small.,,,,,,
3,The book about dogs is brown.,,,,,,
3,Jane has the book about cats.,,,,,,
3,Mike has the book about dogs.,,,,,,
3,A large pot is hot.,,,,,,
3,A small pot is cold.,,,,,,
3,The hot pot has tea.,,,,,,
3,The cold pot doesn't have tea.,,,,,,
3,The nurse is very nice.,,,,,,
3,Krista is the nurse.,,,,,,
3,Harvey is the lawyer.,,,,,,
3,The lawyer made his case. ,,,,,,
3,rain falls directly from the sky.,,,,,,
3,Lily and Charlie's vase is pricey.,,,,,,
3,Uber will only pay for mid-size rental cars.,,,,,,
3,Any type of claim against Yahoo will not be taken lightly.,,,,,,
3,Children can touch any type of small mammals and Jon's reptiles.,,,,,,
3,Amazon will only give refunds for very specific types of defects.,,,,,,
3,Jill's dad is Dane.,,,,,,
3,Jill is not home.,,,,,,
3,Dane bought ice cream and gelato at the creamery.,,,,,,
3,Jim sold the bike because he was sick.,,,,,,
3,"in order for the police to catch the criminal, the police will have to investigate.",,,,,,
3,Jim didn't attend due to his illness.,,,,,,
3,"Johnny's singing has improved, thanks to his practicing and his voice coach.",,,,,,
3,"Jane is going to try a stunt, so she wants to have some room.",,,,,,
3,Lara has 2 children.,,,,,,
3,Ella has 3 emails and a letter .,,,,,,
3,George has 0 apples.,,,,,,
3,George has a pile of sand.,,,,,,
3,Alex's rope is 60 feet.,,,,,,
3,Henry can buy a lot of chalk.,,,,,,
3,Henry's car is very hot.,,,,,,
3,Delia cooked the pasta with the boiler.,,,,,,
3,Delia drove the truck dangerously.,,,,,,
3,Kim beautifully and gracefully danced.,,,,,,
3,"George, Rodney, Robin, Ella and Owen's dogs are nice.",,,,,,
3,"Delia bought a house, bikes, boats, planes and a car.",,,,,,
3,"Allison bought three cars, some ships and a lot of sweets.",,,,,,
3,Paige and Henry like ships and mouses.,,,,,,
3,Many apples and oranges were bought by Tom and Lara.,,,,,,
3,Lilies are completely edible and extremely sweet.,,,,,,
3,Owls from small dense forests are dangerous.,,,,,,
3,Gabe drinks hot coffee and cocoa.,,,,,,
3,Ramon ran screaming.,,,,,,
3,"Kim read a book about the acidic, cold, hot and dry conditions of these environments.",,,,,,
3,Gio's dogs from Alesso and Chiara's mafia terrorize the elderly.,,,,,,
3,Henry is around the house.,,,,,,
3,Tom is around the house.,,,,,,
3,Lara likes Henry.,,,,,,
3,Henry hid the gold in the red cabinet.,,,,,,
3,The red cabinet is on the ship.,,,,,,
3,Henry hid the diamond in the blue cabinet on the ship.,,,,,,
3,The green bus is rolling.,,,,,,
3,Persimmons are a type of tree fruit.,,,,,,
3,"The three sources of European Union law are primary law, secondary law and supplementary law.",,,,,,
3,Arnold Smith is the mechanic from the body shop.,,,,,,
3,Arnold Grohl is the drummer from the grunge band.,,,,,,
3,Sally enjoys swimming and running marathons.,,,,,,
3,Matthew wants to send a postcard and a package.,,,,,,
3,the woman who was on the stage saw Sally.,,,,,,
3,the dancer who Andrew saw also saw Steve.,,,,,,
3,"Merlin, my father the physician, is very smart.",,,,,,
3,"Janet and Kramer, journalists, reported the news.",,,,,,
3,"Barry and Larry, the peanuts, were assaulted.",,,,,,
3,"Priscilla likes Harry and Ronald, the captain.",,,,,,
3,"John, the janitor, and Mary dated.",,,,,,
3,"Phoebe and Rita, from Panama, the singers, saw the accident.",,,,,,
3,"the man with Ernie, Carlton, bought a turtle.",,,,,,
3,"Alex can choose between (i) the cat, and (ii) the dog.",,,,,,
3,The store the lady shopped at is closed.,,,,,,
3,The old woman given cats arrived at the vet.,,,,,,
3,Arnold saw the park where Phil ate bananas.,,,,,,
3,Jackie saw Alisha from Illinois and the beach who likes volleyball.,,,,,,
3,The memo about vacation said Valentine's Day will be added.,,,,,,
3,"Ann must hurry, otherwise, the train will leave without her.",,,,,,
3,"Doreen has a main camera, the Rolleiflex.",,,,,,
3,Anita's favorite food is soup dumplings.,,,,,,
3,The winner is a pilot.,,,,,,
3,Jack is the winner.,,,,,,
3,Emily is the pilot I'm talking about.,,,,,,
3,The blue truck is the truck inside the garage.,,,,,,
3,The truck on the street is the green truck.,,,,,,
3,Charles is Ray's new turtle.,,,,,,
3,Devin's car's top speed is 200 mph.,,,,,,
3,Leland's car's top speed is 185 mph.,,,,,,
3,Carol's car's top speed is 180 mph.,,,,,,
3,Ken's car's top speed is 175 mph. ,,,,,,
3,Owne's car's top speed is 160 mph.,,,,,,
3,Carla's car's top speed is 140 mph.,,,,,,
3,Kristina's car's top speed is 130 mph.,,,,,,
3,Robert's sister's cat Toby is at the vet because he needs some shots.,,,,,,
3,Robert's nickname is Rob.,,,,,,
3,Robert is Gina's brother.,,,,,,
3,Toby is friendly.,,,,,,
3,Mammals are warm blooded.,,,,,,
3,"Paul, Alice's primary doctor, is cool.",,,,,,
3,Alice's new doctor is Kathy.,,,,,,
3,Alice's cool doctor is accepting new clients.,,,,,,
3,Sofia's daughter Courtney wants mango which is her favorite snack.,,,,,,
3,Sofia saw that the mango was rotten so she threw it away.,,,,,,
3,Sofia got her daughter some chips instead.,,,,,,
3,Westley gets that success requires hard work and passionate determination.,,,,,,
3,"Luckily, he got them from his parents.",,,,,,
3,The race is challenging.,,,,,,
3,The boys go for it.,,,,,,
3,In 2017 Elijah went to Russia and Brazil.,,,,,,
3,Jenny went to Reed College.,,,,,,
3,Reed College is a school.,,,,,,
3,Alexa is more rigid than Aigo.,,,,,,
3,Aiden is having chicken for dinner with Marcy on Saturday.,,,,,,
3,Aiden is having fish for dinner on Sunday with potatoes with Rob.,,,,,,
3,John ate pasta with meatballs with a fork and spoon with Mary.,,,,,,
3,"An email's parts are a sender, a recipient, a subject, and a message.",,,,,,
3,I got a new email.,,,,,,
3,farms are important.,,,,,,
3,farms are common in Texas.,,,,,,
3,The farm for vegetables is small.,,,,,,
3,Isabella has a big farm.,,,,,,
3,Rogelio watched 5 movies and the first was fun.,,,,,,
3,The association wrote 5 papers and the first got published.,,,,,,
3,Xena ordered a small drink and Billson ordered a large.,,,,,,
3,Vera called up three lawyers and fired a few.,,,,,,
3,Bibi solved 10 cases and dropped a few.,,,,,,
3,Larkin made a dozen arguments and Carl made two.,,,,,,
3,Dogs are friendly.,,,,,,
3,Robert's dog isn't friendly.,,,,,,
3,Sam walked her own dog.,,,,,,
3,The whale is owned by San Diego's zoo and Santa Clarita's.,,,,,,
3,Jenna's father talked to her.,,,,,,
3,Sandra's mother talked to herself.,,,,,,
3,Samuel cleaned the medal so that it would shine.,,,,,,
3,Igor is male.,,,,,,
3,Esma is a girl.,,,,,,
3,Igor threatened Esma.,,,,,,
3,Esma shot him.,,,,,,
3,Esma's mother fed her.,,,,,,
3,Lydia felt sick.,,,,,,
3,She sent herself to the hospital.,,,,,,
3,Jewels are pretty.,,,,,,
3,The jewels are stolen by the heirs.,,,,,,
3,They are bright and pretty.,,,,,,
3,The girls wanted the flowers.,,,,,,
3,They bought them.,,,,,,
3,The door is locked because Mort locked it.,,,,,,
3,Charles ate at the park and Mimi met him there.,,,,,,
3,Archie waited eagerly for the reply ,,,,,,
3,It was late.,,,,,,
3,Archie can't wait for the celebration.,,,,,,
3,It's with Jane.,,,,,,
3,Molly's clock ticked throughout night.,,,,,,
3,It drove her crazy.,,,,,,
3,Marty got a compliment.,,,,,,
3,It made him feel good.,,,,,,
3,I am studying in the library.,,,,,,
3,"Pyotr was studying there, too.",,,,,,
3,The students have their books.,,,,,,
3,They have many pages.,,,,,,
3,Kristopher's cat is brown; it likes pickles.,,,,,,
3,Glen ate a good cake with chocolate.,,,,,,
3,Glen ate a bad sandwich with cheese.,,,,,,
3,Tigger is a pet.,,,,,,
3,Tigger needs to get washed because Tigger is dirty.,,,,,,
3,I'm taking care of Milly's green car.,,,,,,
3,I saw Deanna's purple lamp.,,,,,,
3,Yahoo (YHOO) and Microsoft (MSFT) decided to push back the deadline to renegotiate their 10-year search deal by about a month.,,,,,,
3,The tech giants joined forces in 2010 to better compete against Google (GOOG).,,,,,,
3,Yahoo's CEO Marissa Mayer has expressed her dissatisfaction with the terms of the partnership.,,,,,,
3,"Verallia, which manufactures glass bottles and jars and is the main supplier of bottles for France's champagne and cognac industries, generated 2.39 billion euros in sales and 230 million euros in operating income last year.",,,,,,
3,"It has 47 plants in 13 countries and employs nearly 10,000 people.",,,,,,
3,Jo Jo will only pay for charges billed by timekeepers approved by inside counsel.,,,,,,
3,"Jo Jo requires that outside counsel utilize the task, activity and expense codes.",,,,,,
3,Jo Jo will not pay for more than one attorney to attend a deposition.,,,,,,
3,An actor will pay for a patient to attend an object implies the patient can attend the object.,,,,,,
3,The lead inside counsel must approve all timekeepers prior to their billing on a matter.,,,,,,
3,Jo Jo will not provide blanket waivers and all prior blanket waivers are hereby revoked.,,,,,,
3,Each party will bear its own fees and expenses in connection with the arbitration and share equally the fees and expenses of the arbitrator.,,,,,,
3,"Unless authorized expressly and in advance by the lead inside counsel, Jo Jo will only pay for coach air fare and mid-size rental cars.",,,,,,
3,A 12-year-old Israeli girl has discovered an ancient Egyptian amulet.,,,,,,
3,"It dates back more than 3,200 years to the days of the Pharaohs, an official said.",,,,,,
3,It bore the name of the Egyptian ruler Thutmose III.,,,,,,
3,Neshama Spielman and her family took part in the Temple Mount Sifting Project.,,,,,,
3,It is an initiative to sort through earth discarded from the area of the biblical temples in Jerusalem.,,,,,,
3,There she found a pendant-shaped amulet.,,,,,,
4,The deepest hole we have ever carved out is just 9 inches across.,,,,,,
5,It was started by scientists in 1970.,,,,,,
4,Super high temperatures stopped the Russian scientists from going any farther.,,,,,,
5,They found some pretty cool things along the way.,,,,,,
5,One of those things was free water.,,,,,,
5,It was deeper than they ever thought it could possibly exist.,,,,,,
5,And they found 2-billion-year-old fossils.,,,,,,
3,"Jane's band's director, Omar, is going shopping with Sam",,,,,,
3,No bands are going to the competition.,,,,,,
4,Sending emails is the same as emailing.,,,,,,
4,Emailing is the same as sending emails.,,,,,,
4,Texting is the same as sending texts.,,,,,,
4,Sending texts is the same as texting.,,,,,,
4,Riding bikes is the same as biking.,,,,,,
4,Biking is the same as riding bikes.,,,,,,
4,Giving hugs is the same as hugging.,,,,,,
4,Hugging is the same as giving hugs.,,,,,,
4,Taking naps is the same as napping.,,,,,,
4,Napping is the same as taking naps.,,,,,,
4,Showering is the same as taking showers.,,,,,,
4,Taking showers is the same as showering.,,,,,,
4,Leaving a place is the same as departing the place.,,,,,,
4,Leaving an object somewhere is the same as forgetting the object somewhere.,,,,,,
4,Leaving a patient is the same as abandoning the patient.,,,,,,
4,Leaving a patient an object is the same as entrusting the patient the object.,,,,,,
4,Kicking the bucket is metaphorically the same as dying.,,,,,,
4,An actor sent a patient an object implies the patient received the object.,,,,,,
4,An actor sold a patient an object implies the patient bought the object.,,,,,,
4,Anastacia Shuttleworth sent an email to Otto Vantassel about his project.,,,,,,
4,Grayce Molina sent packages to Ben Fernandez.,,,,,,
4,Ellis Hamel sends texts to Joan Blanco.,,,,,,
4,Maya Molina sends a letter to Mark Restivo.,,,,,,
4,Loise Monge rides bikes decently.,,,,,,
4,Arnold Arno gives hugs to Matilda Aigner.,,,,,,
4,Amy Hamel takes naps in the afternoon.,,,,,,
4,Jackie Peden takes showers in the evenings.,,,,,,
4,Kyle Hohl's goldfish kicked the bucket while he was on vacation.,,,,,,
4,Lydia Tye played with a bucket.,,,,,,
4,She kicked the bucket down the street.,,,,,,
4,Jessie Dreiling left the basketball game at 3 pm.,,,,,,
4,Julie Lybarger left the game at home.,,,,,,
4,Stevie Burleson left Melly Burleson for another woman.,,,,,,
4,Darrell Tupper left Lola Vizcarra an entire fortune.,,,,,,
4,Brendon Potts promised Krystin Quail to leave.,,,,,,
4,Karl Betterton promised to leave Ewa Odum.,,,,,,
4,Acie Newbury asked if dinner was ready.,,,,,,
4,Abner Abbas asked for a drink.,,,,,,
4,Santo Sober asked Elaina Booe over for dinner.,,,,,,
4,Brent Huson bought Brenda Bale some vases.,,,,,,
4,Bradley Rollings is simply buying time.,,,,,,
4,Sebastian Helfer stopped smoking.,,,,,,
4,Sean Zentz stopped to smoke.,,,,,,
4,Dominick Huson drew a sketch of a bench by the fireplace.,,,,,,
4,Bobby Dieguez drew a bench towards the fireplace.,,,,,,
4,Shon Mundy drew Mrs. Twellman into a heated disagreement at her family dinner.,,,,,,
4,Liam Gorham is living out in the wild.,,,,,,
4,Levi Gagnon is living out a dream.,,,,,,
4,Lauren Wendell lives down the street.,,,,,,
4,Leanna Salo lives down her achievements.,,,,,,
4,Carl's employees called him homie.,,,,,,
4,Carl's employees called him home.,,,,,,
4,Terry Sieg wiped the table.,,,,,,
4,Terry Sieg wiped crumbs off the table.,,,,,,
4,Chuck Saban is Volvoing and Jan Cesario is IBMing.,,,,,,
4,Students who could not attend the XYZ symposium have skyped in during the Q&A session.,,,,,,
4,Gerry Trombley enjoys uncling.,,,,,,
4,Tonie Harrod whapped two winters ago.,,,,,,
4,Ruth Lavin is fobbing joyfully.,,,,,,
4,Tanja Charlton was vivified.,,,,,,
4,Sheilah Rector is trying to unfreeze her assets.,,,,,,
4,The police arrest those who break the law.,,,,,,
4,Many stacks of documents were misplaced.,,,,,,
4,The Los Altos varsity volleyball team win after a poor start.,,,,,,
4,"John Schneider, a nice and proud German, drives a Chevy.",,,,,,
4,"A client of Murray's, Stan Weber, is nice.",,,,,,
4,Harriette Phung wondered whether Svetlana Golla would admit guilt.,,,,,,
4,Harvey Paetzold told Dee Darrell yesterday off the cuff to eat an apple.,,,,,,
4,All fruits are good for you said Carter Hageman the doctor.,,,,,,
4,Beagles are great Martin said with confidence.,,,,,,
4,The car to buy in 2018 is Toyota.,,,,,,
4,Dr. Russo reported the extra data to be safe.,,,,,,
4,American high school students need to study more math in order to compete in today's global marketplace.,,,,,,
4,Mr. Middleton sent his grandchildren presents.,,,,,,
4,Jeffrey Kittle sold his bike to Valencia Mcardle.,,,,,,
4,Alita Ramsdell closed the office door and opened the stairwell door.,,,,,,
4,Loreta Nunn turned off the kitchen lights.,,,,,,
4,Time flies like an arrow.,,,,,,
4,fruit flies like bananas.,,,,,,
4,The old man the boat.,,,,,,
4,"The Fed, the Federal Open Market Committee, will increase interest rates to 2.5% in December 2018 in order to keep inflation steady at around 2 percent per year.",,,,,,
4,"Dorian Gray, the subject of a full-length portrait in oil by Basil Hallward",,,,,,
4,Southern California Children's Museum in Pasadena,,,,,,
4,"The chocolate cake, yikes, is not good.",,,,,,
4,"The food at a new Italian restaurant, omg is very delicious!",,,,,,
5,Iida met Pearl's cousin before Callie's.,,,,,,
5,The loud student from Jeremy's class's homework is difficult.,,,,,,
5,Homework is devoirs.,,,,,,
5,The student from Brandon's class is difficult.,,,,,,
5,The students from Georgette's class's homework are difficult.,,,,,,
5,"Virion has adopted cats, dogs, and hamsters from France.",,,,,,
5,Ludovic packed everything minus the hotdogs.,,,,,,
5,Thornton had pasta from Italy.,,,,,,
5,Mendel is a hamster.,,,,,,
5,Benedict is a man.,,,,,,
5,Holly trusts him with cooking a tasty dinner.,,,,,,
5,Gregor saw Leland.,,,,,,
5,Gregor saw Britta.,,,,,,
5,Lain saw the man whom Gregor saw.,,,,,,
5,Leland is an electrician.,,,,,,
5,Britta is a CEO.,,,,,,
5,The electrician saw the CEO.,,,,,,
5,"Richter saw Umbra, the dog.",,,,,,
5,Dorn saw Jill.,,,,,,
5,Kelly saw the pet whom Richter saw.,,,,,,
5,Dogs are mammals.,,,,,,
5,Crows are as big as ravens.,,,,,,
5,Crows are as small as pidgeons.,,,,,,
5,velots are from Spain.,,,,,,
5,velots are green.,,,,,,
5,Kyle has a red velot.,,,,,,
5,velots are gorbojims.,,,,,,
5,gorbojims are angelic and loud.,,,,,,
5,Mammals are hairy.,,,,,,
5,gorbojims are mammals.,,,,,,
5,Mammals are endotherms.,,,,,,
5,Owain reminded Cornelia to run at 5PM at noon.,,,,,,
3,The yellow birds in cages and dogs can't fly.,,,,,,
3,The red birds in cages and boxes can't fly.,,,,,,
3,"The word, liminality, has Latin origin.",,,,,,
3,Elijah is from New York City.,,,,,,
3,Elijah lives in Westwood.,,,,,,
3,Westwood is in Los Angeles.,,,,,,
3,Los Angeles is in California.,,,,,,
3,An actor is from a place implies an actor lived in the place.,,,,,,
3,Rob eats breakfast at 8.,,,,,,
3,Rob eats dinner at 8.,,,,,,
3,An actor works at a company implies the actor is the company's employee.,,,,,,
3,Steven works at Tesla. ,,,,,,
3,"The movie, The Matrix, is a sci-fi movie.",,,,,,
3,Keanu Reeves is an actor.,,,,,,
3,Keanu Reeves is in The Matrix.,,,,,,
3,An actor is in a movie is the same as an actor acts in a movie.,,,,,,
3,An actor is in a movie is the same as an actor stars in a movie.,,,,,,
3,"Keanu Reeves played the character, Neo.",,,,,,
3,Dracula is a horror movie.,,,,,,
3,Happy Gilmore is a comedy movie.,,,,,,
3,The rich man the bikes.,,,,,,
3,The young man the cars.,,,,,,
5,Jericho ate some of the berries.,,,,,,
5,Forrest went to the shop before Jericho went to the beach.,,,,,,
4,The only pair of glasses has been lost.,,,,,,
5,Team A made this project possible.,,,,,,
5,Team B made every mistake possible.,,,,,,
4,#startnewcontext,,,,,,
,,,,,,,
5,Tell me about Mr. Magoo,,,,,,Mr. Magoo is a popular cartoon character from the 1940s. He is known for being comically near-sighted and was voiced by Bobby Backus.
5,Who is the popular cartoon character from the 1940's?,,,,,,Mr. Magoo
5,What is Mr. Magoo known for?,,,,,,For being comically near-sighted
5,Who was Mr. Magoo voiced by?,,,,,,Bobby Backus
5,When is Jim's party?,,,,,,At 5 PM today
5,Is Jim's party at 4 pm?,,,,,,"No, at 5 PM today"
5,Does Tina want a dog?,,,,,,"No, a cat"
5,What does Tina want?,,,,,,A cat
4,What has been lost?,,,,,,Pair of glasses
5,What kind of dress does Mrs. White wear?,,,,,,White dresses
5,What kind of tie does Aubrey wear?,,,,,,Black ties
5,What kind of dress does Mrs. Black wear?,,,,,,Black dresses
5,What kind of tie does Mr. White wear?,,,,,,White ties
5,Is Taylor Keegan female?,,,,,,yes
5,Is Taylor Keegan male?,,,,,,"No, female"
5,Is Taylor Monegan male?,,,,,,yes
5,Is Taylor Monegan female?,,,,,,"No, male"
5,How tall is Kendrick?,,,,,,very
5,How tall is Dr. Murphy?,,,,,,very
5,How tall is Dr. Kendrick Murphy Jr.?,,,,,,very
5,How tall is Mr. Murphy?,,,,,,very
5,How tall is Kendrick Murphy?,,,,,,very
5,How tall is Kendrick Marmion Murphy?,,,,,,very
5,Who is giving a presentation?,,,,,,The North American Society for Marine Mammal Research
5,Where is the organization?,,,,,,In Boston
5,Where is the North American Society for Marine Mammal Research?,,,,,,In Boston
5,What is Carl's first name?,,,,,,Carl
5,What is Carl's full name?,,,,,,Carl Austin Weathers
5,Is Jasmine a team?,,,,,,I don't know
5,Are Robin and Jasmine a team?,,,,,,yes
5,Robin and Jasmine are lawyers.,,,,,,
5,Is Robin a lawyer?,,,,,,yes
5,Is Jasmine a lawyer?,,,,,,yes
5,Are Robin and Jasmine lawyers?,,,,,,yes
5,Which cars are red?,,,,,,Every car
5,Did Jericho eat all of the berries?,,,,,,"No, some of the berries"
5,When did Forrest go to the shop?,,,,,,Before Jericho went to the beach
5,Why does Cindy eat apples?,,,,,,So that the doctor stays away
5,Will Carla eat pie?,,,,,,Yes
5,Will Carla have eaten pie?,,,,,,Yes
5,Will Carla be eating pie?,,,,,,Yes
5,Is Carla eating pie?,,,,,,I don't know
5,What is Carla eating?,,,,,,I don't know
5,What did Carla eat?,,,,,,Pie
5,What was Carla eating?,,,,,,Pie
5,What has Carla eaten?,,,,,,Pie
5,What will Carla copy?,,,,,,The reports
5,Will Carla copy the reports?,,,,,,Yes
5,Will Carla have copied the reports?,,,,,,Yes
5,Is Carla going to copy the reports?,,,,,,Yes
5,Will Carla be copying the reports?,,,,,,Yes
5,Is Carla copying the reports?,,,,,,yes
5,Was Carla copying the reports?,,,,,,yes
5,What has Carla copied?,,,,,,The reports
5,What did Carla copy?,,,,,,The reports
5,What had Carla copied?,,,,,,The reports
5,Had Carla been copying the reports?,,,,,,yes
5,Has Carla been copying the reports?,,,,,,yes
5,Who will Carla email?,,,,,,Jenny
5,Who will Carla have emailed?,,,,,,Jenny
5,Who is Carla going to email?,,,,,,Jenny
5,Who will Carla be emailing?,,,,,,Jenny
5,Who will Carla have been emailing?,,,,,,Jenny
5,Who is Carla emailing?,,,,,,Jenny
5,Who did Raquel sing a song to?,,,,,,Martha
5,When will Julius bring the cake?,,,,,,in a few minutes
5,When will I feed the dog?,,,,,,When you get home
5,What did Zachary say?,,,,,,Carla gave the materials to Wilma
5,What did Zachary say Carla did?,,,,,,Carla gave the materials to Wilma
5,What was updated?,,,,,,The contact numbers
5,Which numbers were updated?,,,,,,The contact numbers
5,Who gave the numbers to Miranda?,,,,,,Carla
5,Who did Carla give the numbers to?,,,,,,Miranda
5,Which numbers did Carla give to Miranda?,,,,,,The contact numbers
5,Which numbers did Erina update?,,,,,,The contact numbers
5,Who gave Miranda the numbers Erina updated?,,,,,,Carla
5,Why did Selena look over the plan?,,,,,,So that Selena could prepare to answer Miriam's questions
5,Who looked over the plan?,,,,,,Selena
5,What does Miriam have?,,,,,,Questions
5,Who has questions?,,,,,,Miriam
5,What is Selena prepared to do?,,,,,,To answer Miriam's questions
5,What did Kayla know?,,,,,,The pamphlet would cover all the talking points
5,What did the pamphlet cover?,,,,,,All the talking points
5,What was Kayla's staff looking for?,,,,,,All the talking points
5,Whose staff was looking for all the talking points?,,,,,,Kayla's
5,Whose staff was looking for points the pamphlet covered?,,,,,,Kayla's
5,Which talking points did the pamphlet cover?,,,,,,All the talking points
5,What kind of points did the pamphlet cover?,,,,,,All the talking points
5,What covered the points?,,,,,,The pamphlet
5,What did Carla ask Miranda to do?,,,,,,To clarify the question about the quarterly revenue made by Miranda's company before taxes
5,What kind of revenue was the question about?,,,,,,The quarterly revenue made by Miranda's company before taxes
5,Who owns the company?,,,,,,Miranda
5,Who did Carla send the blueprints to?,,,,,,Carla's boss
5,Who did Carla send the blueprints?,,,,,,Carla's boss
5,Who were the blueprints sent to?,,,,,,Carla's boss
5,Who did Kayla brew the coffee for?,,,,,,Terrence
5,Who did Kayla brew another batch of coffee?,,,,,,Terrence
5,Who did Kayla give twenty dollars?,,,,,,Mike
5,Who did Kayla give twenty dollars to?,,,,,,Mike
5,Who did Kayla give the money?,,,,,,Mike
5,Who did Kayla give the amount to?,,,,,,Mike
5,How much did Kayla give?,,,,,,$20 
5,What amount did Kayla give Mike?,,,,,,$20 
5,How much money was given to Mike?,,,,,,$20 
5,Carrot is to vegetable as apple is to what?,,,,,,fruit
5,Produce is to food as carrot is to what?,,,,,,vegetable
5,Produce is to ripeness as animal is to what?,,,,,,gender
5,Mother is to child as grandmother is to what?,,,,,,grandchild
5,Engine is to sparkplug as car is to what?,,,,,,wheel
5,Tea is to caffeine as wine is to what?,,,,,,alcohol
5,Carla ducked.,,,,,,
5,Clifton saw her duck.,,,,,,
5,Did Clifton see Carla duck?,,,,,,Yes
5,Did Clifton see Carla's duck?,,,,,,"No, Carla"
5,Jeannie is Carla's friend.,,,,,,
5,Jeannie has a duck.,,,,,,
5,Clifton saw her duck.,,,,,,
5,Did Clifton see Jeannie duck?,,,,,,"No, Carla"
5,Did Clifton see Jeannie's duck?,,,,,,Yes
5,If Sally is a girl then say Sally is funny.,,,,,,Sally is funny
5,If Sally is a boy then say Sally is interesting.,,,,,,"No, girl"
5,Does Jim receive pictures?,,,,,,I don't know
5,What will Jim download?,,,,,,I don't know
5,Will Jim download pictures?,,,,,,I don't know
5,Jim receives pictures.,,,,,,
5,Does Jim receive envelopes?,,,,,,"No, pictures"
5,Will Jim download pictures?,,,,,,yes
5,Does Jim receive pictures?,,,,,,yes
5,Will Jim receive new emails?,,,,,,"No, pictures"
5,Will Logan receive new emails?,,,,,,I don't know
5,Is Logan's inbox full?,,,,,,I don't know
5,Logan's inbox is full.,,,,,,
5,Is Logan's outbox full?,,,,,,I don't know
5,Is Logan's inbox full?,,,,,,yes
5,Will Logan receive new emails?,,,,,,no
5,Is Marcus early?,,,,,,I don't know
5,Does Marcus clean the blackboards?,,,,,,I don't know
5,Marcus is early.,,,,,,
5,Is Marcus late?,,,,,,I don't know
5,Is Marcus early?,,,,,,yes
5,Does Marcus clean the blackboards?,,,,,,yes
5,Does Simon propose at the wedding?,,,,,,I don't know
5,Does Marie take pictures?,,,,,,I don't know
5,Simon proposes at the wedding.,,,,,,
5,Does Simon propose at the wedding?,,,,,,Yes
5,Does Marie take pictures?,,,,,,Yes
5,Do you close the window?,,,,,,I don't know
5,do you close the window?,,,,,,I don't know
5,You close the window.,,,,,,
5,Do you close the window?,,,,,,yes
5,Is the window closed?,,,,,,yes
5,When is Wednesday?,,,,,,10/26/2016
5,When is tomorrow?,,,,,,10/22/2016
5,When is today?,,,,,,10/21/2016
5,When is this week?,,,,,,from 10/16/2016 to 10/22/2016
5,When is next week?,,,,,,from 10/23/2016 to 10/29/2016
5,When was last week?,,,,,,from 10/9/2016 to 10/15/2016
5,When was last month?,,,,,,from 9/1/2016 to 9/30/2016
5,When is this weekend?,,,,,,from 10/22/2016 to 10/23/2016
5,When is this Wednesday?,,,,,,10/26/2016
5,When is next Wednesday?,,,,,,10/26/2016
5,When is next weekend?,,,,,,from 10/29/2016 to 10/30/2016
5,When is next month?,,,,,,from 11/1/2016 to 11/30/2016
5,When is this year?,,,,,,from 1/1/2016 to 12/31/2016
5,When is all week?,,,,,,from 10/16/2016 to 10/22/2016
5,When is all year?,,,,,,from 1/1/2016 to 12/31/2016
5,When was yesterday?,,,,,,10/20/2016
5,When was Wednesday?,,,,,,10/19/2016
5,When was last Tuesday?,,,,,,10/18/2016
5,When was last weekend?,,,,,,from 10/15/2016 to 10/16/2016
5,When was last week?,,,,,,from 10/9/2016 to 10/15/2016
5,When was last month?,,,,,,from 9/1/2016 to 9/30/2016
5,When was last year?,,,,,,from 1/1/2015 to 12/31/2015
5,When is the upcoming weekend?,,,,,,from 10/22/2016 to 10/23/2016
5,When is this upcoming week?,,,,,,from 10/23/2016 to 10/29/2016
5,When is this coming weekend?,,,,,,from 10/22/2016 to 10/23/2016
5,When is the upcoming Thursday?,,,,,,10/27/2016
5,When is the next month?,,,,,,from 11/1/2016 to 11/30/2016
5,When is the next coming Friday?,,,,,,10/28/2016
5,When was the last month?,,,,,,from 9/1/2016 to 9/30/2016
5,When is the next coming month?,,,,,,from 11/1/2016 to 11/30/2016
5,When was this last week?,,,,,,from 10/9/2016 to 10/15/2016
5,When was the most recent Wednesday?,,,,,,10/19/2016
5,When was this past weekend?,,,,,,from 10/15/2016 to 10/16/2016
5,When is Tuesday morning?,,,,,,On 10/25/2016 from 6 AM to noon
5,When is next Tuesday morning?,,,,,,On 10/25/2016 from 6 AM to noon
5,When is Panz's birthday?,,,,,,on 11/20/2016
5,When is two days after her birthday?,,,,,,11/22/2016
5,What date is a month before her birthday?,,,,,,10/20/2016
5,When is 2 days after 2 days after her birthday?,,,,,,11/24/2016
5,What date is the Monday after her birthday?,,,,,,11/21/2016
5,When is Christmas?,,,,,,12/25/2016
5,What date is 2 days after Christmas?,,,,,,12/27/2016
5,When is 2 days before Christmas?,,,,,,12/23/2016
5,When is the Monday before Christmas?,,,,,,12/19/2016
5,What date is the Monday after Christmas?,,,,,,12/26/2016
5,When is 2 days before 2 days before Christmas?,,,,,,12/21/2016
5,What date is 2 days before the Monday before Christmas?,,,,,,12/17/2016
5,When is Anthony's ceremony?,,,,,,On 11/23/2016
5,Karl will walk home Monday,,,,,,
5,When will Karl walk home?,,,,,,On Monday
5,When did Google buy DeepMind?,,,,,,in 2014
5,How do you know?,,,,,,money.cnn.com told me earlier today
5,Can red unicorns fly?,,,,,,yes
5,Who told you that?,,,,,,Jane told me earlier today
4,this is from Jake.,,,,,,
5,Amazon released Alexa last year.,,,,,,
5,What did Amazon release last year?,,,,,,Alexa
5,How do you know?,,,,,,Jake told me just now
5,What did a U.S. Navy plane see?,,,,,,Help spelled out in palm fronds on a beach on a deserted island in the Pacific
4,What is AMVER?,,,,,,A Coast Guard voluntary search and rescue program
4,Which wine is Bill's favorite?,,,,,,Etna Rosso
4,Which wine doesn't Bill like?,,,,,,White wine
5,Why did James sell his plane?,,,,,,Because it is too slow
5,Who has it now?,,,,,,James' neighbor
5,Who used to own it before?,,,,,,James
4,What did James buy?,,,,,,a 20 ft plane
5,Is the 250 horsepower engine part of the plane?,,,,,,yes
5,Who will Viola play with?,,,,,,Stan
5,When will she play with her horse?,,,,,,At 3 PM
5,Where will she play with her horse?,,,,,,At the park
5,What did Suzie suggest that Phil do?,,,,,,That Phil run at 7 AM
5,When did Suzie suggest that Phil run?,,,,,,At 7 AM
5,Tell me who climbed the mountain,,,,,,Rufus
2,Barry bought Herbie.,,,,,,
4,Who has Herbie?,,,,,,Barry
2,Chad bought Herbie from Barry.,,,,,,
4,Who has Herbie?,,,,,,Chad
4,What did Chad do?,,,,,,bought Herbie from Barry
2,Chad sold Herbie.,,,,,,
4,Who has Herbie?,,,,,,I don't know
2,Andrea has the quarterly reports,,,,,,
4,Who has the reports?,,,,,,Andrea
2,Andrea gave the reports to Jim.,,,,,,
4,Who has the reports?,,,,,,Jim
4,Who gave them to him?,,,,,,Andrea
2,Jim gave the reports to Sandra,,,,,,
4,Who gave her them?,,,,,,Jim
4,Who had the reports before him?,,,,,,Andrea
4,Who had the reports after him?,,,,,,Sandra
2,Alex wants a dog and a cat.,,,,,,
4,What does Alex want?,,,,,,A dog and a cat
2,"Actually, Alex only wants a cat",,,,,,
4,What does Alex want?,,,,,,A cat
4,Does Alex want a dog?,,,,,,"No, a cat"
4,"Is Charles, Ray's favorite turtle?",,,,,,"no, Ray's new turtle"
2,Ray's favorite turtle is Herb.,,,,,,
4,"is Ray's favorite turtle, Charles?",,,,,,"no, Herb"
5,Does Rob have a sister?,,,,,,yes
5,What is Rob's sister's cat's name?,,,,,,Toby
5,Where is Rob's sister's cat?,,,,,,At the veterinarian
5,Why is Rob's sister's cat at the vet?,,,,,,because Toby needs some shots
5,Does Toby need treats?,,,,,,"no, some shots"
5,Who is Gina's cat?,,,,,,Toby
5,Is Gina's cat friendly?,,,,,,yes
5,Is Toby cold blooded?,,,,,,"No, warm blooded"
2,"Actually, Rob's sister's cat is Moby.",,,,,,
4,Who is Gina's cat?,,,,,,Moby
4,Is Robert's sister's cat Toby?,,,,,,"No, Moby"
4,Where is Moby?,,,,,,At the veterinarian
4,Where is Toby?,,,,,,I don't know
5,Does a large pot have tea?,,,,,,yes
5,Does a small pot have tea?,,,,,,no
2,The cold pot has milk.,,,,,,
4,Does the small pot have milk?,,,,,,yes
5,Who is a teacher of Stan?,,,,,,Murray
5,Whose teacher is Murray?,,,,,,Stan's
5,who is running for office?,,,,,,Ralph
5,who is Scott's family?,,,,,,"Ralph, Ethan, and Nan"
5,Is Nan male?,,,,,,"No, female"
5,How many sisters does Trevor have?,,,,,,2
5,Who are Trevor's sisters?,,,,,,Alisha and Becky
5,Who is Kenneth's daughter?,,,,,,Kenisha
5,Which robot is Ronald's?,,,,,,Ozmo
5,Is Jane's book big?,,,,,,yes
5,Is Mike's book small?,,,,,,yes
5,Is Jane's book small?,,,,,,"No, big"
5,Is Mike's book big?,,,,,,"No, small"
5,What color is Jane's book?,,,,,,orange
5,What color is Mike's book?,,,,,,brown
5,Is Krista nice?,,,,,,"yes, very nice"
5,Who made the case?,,,,,,Harvey
5,Does rain fall directly from the sky?,,,,,,yes
5,Does rain fall directly from the ground?,,,,,,"No, the sky"
5,Do Lily and Charlie have a vase?,,,,,,yes
5,Does Lily have a vase?,,,,,,yes
5,Does Charlie have a vase?,,,,,,yes
5,What kind of car will Uber pay for?,,,,,,Mid-size rental cars
5,What type of car will Uber pay for?,,,,,,Mid-size rental cars
5,What will not be taken lightly?,,,,,,Any claim against Yahoo
5,Can the children touch Jon's reptiles?,,,,,,yes
5,Which animals can the children touch?,,,,,,Small mammals and Jon's reptiles
5,What kind of animals can the children touch?,,,,,,Small mammals and Jon's reptiles
5,What does Amazon give refunds for?,,,,,,Very specific defects
5,Is twenty-second an ordinal?,,,,,,yes
5,Is smrt@aigo.ai an email address?,,,,,,yes
5,Is 123-4567 a phone number?,,,,,,yes
5,Is ROBO a ticker?,,,,,,yes
5,Is 3 and a half days a time span?,,,,,,yes
5,Is 1100 cc a volume?,,,,,,yes
5,Whose dad bought ice cream and gelato at the creamery?,,,,,,Jill's
5,Whose daughter is not home?,,,,,,Dane's
5,Is Jill home?,,,,,,"No, Jill is not home"
5,Why did Jim sell the bike?,,,,,,because Jim was sick
5,Why will the police have to investigate?,,,,,,in order for the police to catch the criminal
5,Why didn't Jim attend?,,,,,,due to Jim's illness
5,Why has Johnny's singing improved?,,,,,,Thanks to Johnny's practicing and Johnny's voice coach
5,Why does Jane want to have some room?,,,,,,because Jane is going to try a stunt
5,Does Lara have any children?,,,,,,yes
5,How many kids does she have?,,,,,,2
5,Does Ella have any emails?,,,,,,yes
5,Does Ella have 2 emails?,,,,,,"No, 3"
5,How many letters does Ella have?,,,,,,1
5,Does George have any apples?,,,,,,no
5,How much sand does George have?,,,,,,pile of sand
5,How much rope is Alex's?,,,,,,60 feet
5,How much chalk can Henry buy?,,,,,,"""a lot of chalk"""
5,How hot is Henry's car?,,,,,,very
5,How did Delia cook the pasta?,,,,,,"""with the boiler"""
5,How did Delia drive the truck?,,,,,,dangerously
5,Did Delia drive the car dangerously,,,,,,"No, the truck"
5,How did Kim dance?,,,,,,Beautifully and gracefully
5,Did Kim dance gracefully and poorly?,,,,,,Beautifully and gracefully
5,Whose dogs are nice?,,,,,,"George, Rodney, Robin, Ella, and Owen's"
5,Did Delia buy bikes and a missile?,,,,,,"No. A house, bikes, boats, planes, and a car"
5,Did Allison buy a lot of ships and some sweets?,,,,,,"No. Three cars, some ships, and a lot of sweets"
5,Did Allison buy ships and mouses?,,,,,,"No. Three cars, some ships, and a lot of sweets"
5,Did Allison buy 2 cars?,,,,,,"No, 3"
5,Who likes ships and mouses?,,,,,,Paige and Henry
5,What do Paige and Henry like?,,,,,,ships and mice
5,What were bought by Tom and Lara?,,,,,,apples and oranges
5,What are extremely sweet completely edible flowers?,,,,,,lily
5,Which owls are dangerous?,,,,,,"owls from small, dense forests"
5,Are owls from small dense forest dangerous?,,,,,,yes
5,Are owls from big dense forest dangerous?,,,,,,I don't know
5,Are owls from dense forest dangerous?,,,,,,yes
5,Did Gabe drink hot milk?,,,,,,No. Hot coffee and hot cocoa
5,Did Gabe drink hot coffee?,,,,,,yes
5,Did Gabe drink hot cocoa?,,,,,,yes
5,What did Gabe drink?,,,,,,Hot coffee and hot cocoa
5,Who ran screaming?,,,,,,Ramon
5,Who ran crying?,,,,,,I don't know
5,What did Ramon do?,,,,,,Ran screaming
5,When did Owain remind Cornelia?,,,,,,At noon
5,What did Owain remind Cornelia?,,,,,,To run at 5 PM
5,What book did Kim read?,,,,,,"a book about the acidic, cold, hot, and dry conditions of these environments"
5,Whose dogs terrorize the elderly?,,,,,,Gio's
5,Where are Gio's dogs from?,,,,,,From Alesso and Chiara's mafia
5,Who around the house does Lara like?,,,,,,Henry
5,Where on the ship did Henry hide the gold?,,,,,,in the red cabinet on the ship
5,Where on the ship did Henry hide the diamond?,,,,,,in the blue cabinet on the ship
5,Where on the car did Henry hide the gold?,,,,,,I don't know
5,Is the rolling bus blue?,,,,,,"No, green"
5,What is an example of tree fruit?,,,,,,persimmon
5,What are the three sources of European Union law?,,,,,,"Primary law, secondary law, and supplementary law"
5,Is Arnold Smith a drummer?,,,,,,"No, the mechanic from the body shop"
5,Is Arnold Grohl from the body shop?,,,,,,"No, the grunge band"
5,What does Sally enjoy?,,,,,,Swimming and running marathons
5,What does Matthew want to do?,,,,,,To send a postcard and a package
5,Who did the woman who was on the stage see?,,,,,,Sally
5,Who saw Sally?,,,,,,The woman on the stage
5,Who did the dancer who Andrew saw see?,,,,,,Steve
5,Who saw Steve?,,,,,,The dancer
5,Who is the physician?,,,,,,Merlin
5,Is Merlin a mother?,,,,,,"No, father"
5,Is Kramer a pilot?,,,,,,"No, journalist"
5,Is Janet a pilot?,,,,,,"No, journalist"
5,Who are the peanuts?,,,,,,Barry and Larry
5,Who was assaulted?,,,,,,Barry and Larry
5,Who is a captain?,,,,,,Ronald
5,Who is a janitor?,,,,,,John
5,Who dated?,,,,,,John and Mary
5,Who are the singers?,,,,,,Phoebe and Rita
5,Who is with Ernie?,,,,,,Carlton
5,What can Alex choose between?,,,,,,between the cat and the dog
5,Where did the lady shop?,,,,,,at the store
5,What arrived at the vet?,,,,,,The old woman
5,Where did Phil eat?,,,,,,the park
5,Who likes volleyball?,,,,,,Alisha
5,What did the memo say?,,,,,,Valentine's Day will be added
5,what said Valentine's Day will be added.,,,,,,The memo about vacation
5,What will the train do?,,,,,,Will leave without Ann
5,Is the Rolleiflex Jack's main camera?,,,,,,"No, Doreen's main camera"
5,What is the Rolleiflex?,,,,,,Doreen's main camera
5,Remind me what Anita's favorite food is.,,,,,,Soup dumpling
3,Emily is the pilot Kristopher is talking about.,,,,,,
5,Is Emily the winner?,,,,,,"No, the pilot"
5,"Is the pilot Kristopher is talking about, Jack?",,,,,,"No, Emily"
5,Is the winner Emily?,,,,,,"No, Jack"
5,Is the green truck the truck in the gararge?,,,,,,"No, the green truck on the street"
5,Is the truck on the street the blue truck?,,,,,,"no, the green truck"
5,Is the blue truck the truck on the street?,,,,,,"No, the blue truck inside the garage"
5,Is the truck in the garage the green truck?,,,,,,"No, the blue truck inside the garage"
5,Is the blue truck on the street?,,,,,,"no, inside the garage"
5,Is the green truck in the garage?,,,,,,"no, on the street"
5,Whose car is fast?,,,,,,"Carol's, Leland's, and Devin's"
5,Which car is extremely fast?,,,,,,Devin's 200 mph car
5,Which car is slightly fast?,,,,,,Ken's 175 mph car
5,Whose car is average speed?,,,,,,Owne's and Ken's
5,Whose car is slow?,,,,,,Kristina's and Carla's
5,Which car is the fastest?,,,,,,Devin's 200 mph car
5,Which car is the slowest?,,,,,,Kristina's 130 mph car
5,Who is accepting new clients?,,,,,,Paul
5,Who are Alice's doctors?,,,,,,Paul and Kathy
5,Who is Alice's primary doctor?,,,,,,Paul
5,Can you remind me what the name of Sofia's daughter is?,,,,,,Courtney
5,What is Sofia's daughter's favorite snack? ,,,,,,Mango
5,Why did Sofia throw the mangos away?,,,,,,Because the mango was rotten
5,What snack did Sofia get Courtney?,,,,,,Some chips
5,What does Westley understand,,,,,,That success requires hard work and passionate determination
3,What did Westley receive from his parents,,,,,,Hard work and passionate determination
5,What do the boys attempt?,,,,,,The challenging race
5,What do the boys try?,,,,,,The challenging race
5,Where has Elijah traveled to?,,,,,,To Russia and Brazil
5,When did Elijah visit Brazil?,,,,,,In 2017
3,What school did Jenny attend? ,,,,,,Reed College
3,Did Jenny attend UCLA?,,,,,,"No, Reed College"
5,Is Alexa more rigid than Aigo?,,,,,,yes
5,Is Aigo more rigid than Alexa?,,,,,,"No, less rigid"
5,Is Aigo less rigid than Alexa?,,,,,,Yes
5,Is Alexa less rigid than Aigo?,,,,,,"No, more rigid"
3,The news anchor wears blue suits.,,,,,,
3,He is David Potter.,,,,,,
3,What is the news anchor's name?,,,,,,David Potter
3,Does he wear green suits?,,,,,,"No, blue suits"
5,What is Aiden having on Sunday for dinner?,,,,,,Fish with potatoes
5,What is Aiden having with Marcy for dinner?,,,,,,Chicken
5,What did John eat?,,,,,,Pasta with meatballs
5,What did John eat with?,,,,,,Fork and spoon
5,Who did John eat with?,,,,,,Mary
5,What are the parts of an email?,,,,,,"Email's part, a sender, a recipient, a subject, and a message"
5,What are the parts of the email I received,,,,,,"Email's part, a sender, a recipient, a subject, and a message"
5,Is the farm for vegetables big?,,,,,,"No, small"
5,Is Isabella's farm small?,,,,,,"No, big"
5,Where is that farm?,,,,,,I don't know
5,Is the farm for vegetables important?,,,,,,yes
5,Is the big farm important?,,,,,,yes
5,What in Texas is important and common,,,,,,Farms
5,Are farms common in Alaska?,,,,,,"No, in Texas"
3,What was fun?,,,,,,The first movie
3,Which movie was fun?,,,,,,The first movie
3,Which paper got published?,,,,,,the first paper
3,What wrote 5 papers?,,,,,,the association
3,What did Billson order?,,,,,,A large drink
3,Did Billson order a small drink?,,,,,,"no, a large drink"
3,Who ordered a large drink?,,,,,,Billson
3,Who did Vera fire?,,,,,,A few lawyers
3,What did Bibi drop?,,,,,,A few cases
3,What did Carl make?,,,,,,Two arguments
3,Who made arguments?,,,,,,Carl Weathers and Larkin
3,Who made two arguments?,,,,,,Carl Weathers
3,Who is the whale owned by?,,,,,,I don't know
3,What does Santa Clarita have?,,,,,,zoo
3,Who fed Esma?,,,,,,Esma's mother
3,Who did her mother feed?,,,,,,Esma
3,Who did Jenna's father chat to?,,,,,,Jenna
3,Who talked to Jenna?,,,,,,Jenna's father
3,Who talked to Jenna's father?,,,,,,I don't know
3,Who did Sandra's mother talk to?,,,,,,
3,Who talked to Sandra's mother?,,,,,,Sandra's mother
3,Who talked to Sandra?,,,,,,I don't know
3,Who has a dog?,,,,,,"Gio, George, Rodney, Robin, Ella, and Owen, Robert, and Sam"
3,Who walked Sam's dog,,,,,,Sam
3,Why did Samuel clean the medal?,,,,,,So that it would shine
3,What shines?,,,,,,The medal
3,What did Samuel clean?,,,,,,The medal
3,Who did Esma shoot?,,,,,,Igor
3,Who shot Igor?,,,,,,Esma
3,Who felt sick?,,,,,,Lydia
3,Who sent her to the hospital?,,,,,,Lydia
3,Who was sent to the hospital?,,,,,,Lydia
3,What is bright?,,,,,,The bright and pretty jewels
3,Are the heirs pretty?,,,,,,I don't know
3,Are the jewels bright?,,,,,,Yes
3,What is late?,,,,,,the reply
3,What is with Jane?,,,,,,The celebration
3,Who has a clock?,,,,,,Molly
3,What drove Molly crazy?,,,,,,Molly's clock
3,Who got a compliment?,,,,,,Marty
3,What made Marty feel good?,,,,,,A compliment
3,Where did Mimi meet Charles?,,,,,,The park
3,Where did Charles eat?,,,,,,At the park
3,Who did Mimi meet?,,,,,,Charles
5,What has many pages?,,,,,,Student's books
3,Who has books?,,,,,,Mike and Jane
5,What do the books have?,,,,,,Student's book's pages
3,What likes pickles?,,,,,,Kristopher's brown cat
3,Does Kristopher have a cat?,,,,,,Yes
3,Which cat likes pickles?,,,,,,Kristopher's brown cat
3,What was good with chocolate?,,,,,,A cake with chocolate
3,Was it good?,,,,,,yes
3,What kind of cake did Glen eat?,,,,,,A good cake with chocolate
3,What kind of sandwich did Glen eat?,,,,,,A bad sandwich with cheese
3,What was bad with cheese?,,,,,,A sandwich with cheese
3,Was it bad?,,,,,,yes
3,Who bought flowers?,,,,,,The girls
3,What did the girls buy?,,,,,,The flowers
3,What cars will Jo Jo pay for?,,,,,,Mid-size rental cars
3,What air fare will Jo Jo pay for?,,,,,,Coach airfare
3,Will Jo Jo pay for first class air fare?,,,,,,"No, coach airfare"
3,Will Jo Jo pay for business class air fare?,,,,,,"No, coach airfare"
3,Will Jo Jo pay for compact rental cars?,,,,,,"No, mid-size rental cars"
3,Will Jo Jo pay for large rental cars?,,,,,,"No, mid-size rental cars"
3,What does Jo Jo require?,,,,,,"That outside counsel utilize the task, activity, and expense codes"
3,What is outside counsel required to use?,,,,,,"The task, activity, and expense codes"
3,What does outside counsel need to use?,,,,,,"The task, activity, and expense codes"
3,Does outside counsel need to use task codes?,,,,,,yes
3,Will Jo Jo pay for two attorneys?,,,,,,"No, Jo Jo won't pay for more than one attorney to attend a deposition"
3,Will Jo Jo pay for more than one attorney?,,,,,,Not more than one attorney to attend a deposition
3,Who must approve timekeepers?,,,,,,The lead inside counsel
3,What will Jo Jo pay for?,,,,,,For coach airfare and mid-size rental cars unless authorized in advance by the lead inside counsel expressly
3,What is hereby revoked?,,,,,,All prior blanket waivers
3,What will Jo Jo not provide?,,,,,,Blanket waivers
3,What will each party bear?,,,,,,Own fees and expenses
3,Who has fees?,,,,,,Each party
3,What will each party share?,,,,,,The fees of the arbitrator and expenses of the arbitrator
3,Why is the door locked?,,,,,,Because Mort locked the door
3,Who locked the door?,,,,,,Mort
3,Is the door locked?,,,,,,yes
3,Are all pets dirty?,,,,,,"No, 1"
3,Is Tigger dirty?,,,,,,Yes
3,What does Tigger need?,,,,,,To get washed because Tigger is dirty
3,Who has a car?,,,,,,"Kristina, Devin, Carla, Ken, Leland, Carol, Allison, Delia, Henry, and Milly"
3,Does she have a car?,,,,,,yes
3,What does Milly have?,,,,,,Green car
3,Does Deanna have it?,,,,,,I don't know
3,What does Deanna have?,,,,,,Purple lamp
3,What color is it?,,,,,,purple
3,Who has a lamp?,,,,,,Deanna
3,Does she have a lamp?,,,,,,yes
3,Does she have a car?,,,,,,I don't know
3,What is Yahoo's ticker?,,,,,,YHOO
3,Who decided to push back the deadline?,,,,,,Yahoo and Microsoft
3,What did Yahoo and Microsoft decide?,,,,,,To push the deadline from 9/21/2016 to today to renegotiate Microsoft's 10-year search deal
3,Did the tech giants join forces in 2011?,,,,,,no in 2010
3,When did the tech giants join forces?,,,,,,In 2010
5,who joined forces?,,,,,,The tech giants
5,When did they join forces?,,,,,,In 2010
3,Who is Yahoo's CEO?,,,,,,Marissa Mayer
3,Who has 47 plants in 13 countries?,,,,,,Verallia
3,"Who employs nearly 10,000 people?",,,,,,Verallia
5,What did an official say?,,,,,,"An ancient Egyptian amulet that girl discovered dates at more than r_quant 3,200 years to the days of the the Pharaohs back"
3,Whose family took part in the Temple Mount Sifting Project?,,,,,,Neshama Spielman's
3,Who took part in the Temple Mount Sifting Project?,,,,,,Neshama Spielman and her family
3,What is an initiative?,,,,,,An initiative to sort through earth discarded from the area of the biblical temples in Jerusalem
5,Where did Neshama find a pendant-shaped amulet?,,,,,,The area of the biblical temples in Jerusalem
5,What did Neshama find?,,,,,,A pendant-shaped amulet
5,What does the amulet bear?,,,,,,Name
3,Is the Temple Mount Sifting Project an initiative?,,,,,,Yes
3,What was started by scientists?,,,,,,The deepest hole
3,Who found some pretty cool things?,,,,,,The Russian scientists
3,What did the scientists find?,,,,,,2-billion-year-old fossils
3,Who found 2-billion-year-old fossils?,,,,,,The Russian scientists
3,What was deeper than scientists thought?,,,,,,Free water
3,Who is Jane's band's director?,,,,,,Omar
3,Who goes shopping?,,,,,,Omar
3,Who is going shopping with Sam?,,,,,,Omar
3,Who is going to the competition?,,,,,,No bands
3,HarperCollins:: HarperCollins is a company.,,,,,,
3,We are glad Jean has picked up one of our plays.,,,,,,
3,Our plays have strong characters and good stories.,,,,,,
3,DefaultUser:: What plays did Jean pick up?,,,,,,HarperCollins' plays
3,DefaultUser:: Whose plays have strong characters?,,,,,,HarperCollins'
3,What do the plays have?,,,,,,Strong characters and good stories
3,HarperCollins:: Hi Jean.,,,,,,
3,We hope you liked our plays.,,,,,,
3,DefaultUser:: What does HarperCollins hope?,,,,,,Jean liked HarperCollins' plays
3,Who emailed Otto Vantassel about his project?,,,,,,Anastacia Shuttleworth
3,What did Anastacia Shuttleworth email?,,,,,,An email about Otto Vantassel's project
3,What did Grayce Molina email Ben Fernandez?,,,,,,I don't know
3,Who did Grayce Molina email packages?,,,,,,I don't know
3,Who does Ellis Hamel send texts to?,,,,,,Joan Blanco
3,What does Ellis Hamel text?,,,,,,texts
3,What does Maya Molina text?,,,,,,I don't know
3,What does Maya Molina email?,,,,,,I don't know
3,Does Loise Monge bike decently?,,,,,,Yes
3,What does Loise Monge ride decently?,,,,,,Bikes
3,Who does Arnold Arno hug?,,,,,,Matilda Aigner
3,Who does Arnold Arno give a hug to?,,,,,,Matilda Aigner
3,When does Amy Hamel nap?,,,,,,From 12:01 PM to 5 PM
3,Who showers in the evenings?,,,,,,Jackie Peden
3,Does Jackie Peden take baths?,,,,,,"No, showers"
3,Did Kyle Hohl's goldfish die?,,,,,,yes
3,Did Lydia Tye die?,,,,,,I don't know
3,Where did Lydia Tye kick the bucket?,,,,,,Down the street
3,Who departed the basketball game at 3 pm?,,,,,,Jessie Dreiling
3,Who forgot the game at home?,,,,,,Julie Lybarger
3,Who abandoned Melly Burleson?,,,,,,Stevie Burleson
3,Who entrusted Lola Vizcarra an entire fortune?,,,,,,Darrell Tupper
3,What did Acie Newbury inquire about?,,,,,,if dinner was ready
3,What did Abner Abbas inquire about?,,,,,,I don't know
3,Did Abner Abbas request a drink?,,,,,,Yes
3,What did Abner Abbas request?,,,,,,a drink
3,Who did Santo Sober invite for dinner?,,,,,,Elaina Booe
3,What did Brent Huson get Brenda Bale?,,,,,,some vases
3,Is Bradley Rollings purchasing time?,,,,,,I don't know
3,Who quit smoking?,,,,,,Sebastian Helfer
3,Who paused to smoke?,,,,,,Sean Zentz
3,Who made the sketch of a bench by the fireplace?,,,,,,Dominick Huson
3,Where did Bobby Dieguez move the bench?,,,,,,towards the fireplace
3,Who pulled Mrs. Twellman into the disagreement?,,,,,,Shon Mundy
3,Who is fulfilling the dream?,,,,,,Levi Gagnon
3,Who is residing in the wild?,,,,,,Liam Gorham
3,Who resides down the street?,,,,,,Lauren Wendell
3,What does Leanna Salo downplay?,,,,,,Leanna Salo's achievements
3,Did Carl's employees name him homie?,,,,,,Yes
3,Where did Carl's employees call him?,,,,,,Home
3,What did Terry Sieg clean?,,,,,,The table
3,What did Terry Sieg remove?,,,,,,Crumbs
3,Who is Volvoing?,,,,,,Chuck Saban
3,Who is IBMing?,,,,,,Jan Cesario
3,Who skyped in during the Q&A session?,,,,,,Students
3,What does Gerry Trombley enjoy doing?,,,,,,Uncling
3,Who whapped two winters ago?,,,,,,Tonie Harrod
3,Who is fobbing joyfully?,,,,,,Ruth Lavin
3,Who was vivified?,,,,,,Tanja Charlton
3,What is Sheilah Rector trying to do?,,,,,,To unfreeze Sheilah Rector's assets
3,Who arrests those who break the law?,,,,,,Those s_noun
3,What was misplaced?,,,,,,Stacks of documents
3,Which team won after a poor start?,,,,,,The varsity volleyball team
3,Who drives a Chevrolet?,,,,,,John Schneider
3,Who is Murray's client?,,,,,,Stan Weber
3,What did Harriette Phung wonder about?,,,,,,Whether Svetlana Golla would admit guilt
3,What did Harvey Paetzold tell Dee Darrell?,,,,,,To eat an apple
3,Who said that all fruits are good?,,,,,,Carter Hageman
3,What did Martin say?,,,,,,Beagles are great
3,What is a car to buy in 2018?,,,,,,Toyota
3,What did Dr. Russo report?,,,,,, the extra data
3,What do American students need to study?,,,,,,To study more math in order to compete in global marketplace today
3,What do American students need to study math?,,,,,,I don't know
3,What did Brendon Potts promise Krystin Quail?,,,,,,To leave
3,What did Karl Betterton promise?,,,,,,To leave Ewa Odum
3,What did Mr. Middleton's grandchildren receive?,,,,,,Presents
3,Did Valencia Mcardle buy Jeffrey Kittle's bike?,,,,,,yes
3,Is the office door closed?,,,,,,yes
3,Are the kitchen lights turned off?,,,,,,Yes
3,Are the hallway lights turned off?,,,,,,I don't know
3,What flies like an arrow?,,,,,,time
3,What likes bananas?,,,,,,fruit flies
3,Does time like an arrow?,,,,,,I don't know
3,Does fruit fly bananas?,,,,,,I don't know
3,What do the old man?,,,,,,The boat
3,What do the old do?,,,,,,Man the boat
3,Who is Dorian Gray?,,,,,,Dorian Gray is the subject of a full-length portrait in oil by Basil Hallward.
3,Where is Southern California Children's Museum?,,,,,,In Pasadena
3,What cake is not good?,,,,,,The chocolate cake
3,Is the food at a new Italian restaurant delicious?,,,,,,"Yes, very delicious"
3,Did Iida meet Pearl's cousin?,,,,,,Yes
3,Did Iida meet Callie's cousin?,,,,,,I don't know
3,Is Jeremy's class difficult?,,,,,,I don't know
3,Is the student from Jeremy's class difficult?,,,,,,I don't know
3,Is the homework difficult?,,,,,,Yes
3,What is difficult?,,,,,,"Student's homework, the student from Brandon's class, and the students from Georgette's class' homework"
3,Where is the loud student from?,,,,,,Jeremy's class
3,Who owns the homework?,,,,,,The loud student from Jeremy's class
3,Does Jeremy's class own the homework?,,,,,,I don't know
3,Does the student from Jeremy's class own the homework?,,,,,,Yes
3,does the student from Jeremy's class have devoirs?,,,,,,"Yes, difficult homework"
3,Is the devoirs difficult?,,,,,,Yes
3,Is Brandon's class difficult?,,,,,,I don't know
3,Is the student from Brandon's class difficult?,,,,,,Yes
3,Is Georgette's class difficult?,,,,,,I don't know
3,Are the students from Georgette's class's homework difficult?,,,,,,Yes
3,Is the student from Georgette's class difficult?,,,,,,I don't know
3,What is from France?,,,,,,"Cats, dogs, and hamsters"
3,Did Ludovic pack the hotdogs?,,,,,,"No, everything minus the hotdogs"
3,Is the pasta from Italy?,,,,,,I don't know
3,Who does Holly trust?,,,,,,Benedict
3,Does Holly trust Mendel?,,,,,,"No, Benedict"
3,Who did Lain see?,,,,,,Leland
3,Who saw the electrician?,,,,,,Lain
3,Who saw Britta?,,,,,,Leland and Gregor
3,Who did Kelly see?,,,,,,Umbra
3,Did Kelly see Jill?,,,,,,"No, Umbra"
3,Is Umbra warm blooded?,,,,,,Yes
3,Are crows as big as ravens?,,,,,,yes
3,Are crows as big as elephants?,,,,,,I don't know
3,Are crows as rotund as elephants?,,,,,,I don't know
3,Are ravens as big as crows?,,,,,,yes
3,Are ravens as big as elephants?,,,,,,I don't know
3,Are pidgeons as big as crows?,,,,,,yes
3,Are pidgeons as big as ravens?,,,,,,yes
3,Are pidgeons as big as elephants?,,,,,,I don't know
3,Are crows as small as ravens?,,,,,,yes
3,Are ravens as small as crows?,,,,,,yes
3,Are crows as small as pidgeons?,,,,,,yes
3,Are pidgeons as small as ravens?,,,,,,yes
3,Are crows as small as elephants?,,,,,,I don't know
3,Are elephants as small as ravens?,,,,,,I don't know
3,Are crows bigger than ravens?,,,,,,"no, the same"
3,Are ravens bigger than crows?,,,,,,"no, the same"
3,Are pidgeons bigger than crows?,,,,,,"no, the same"
3,Are ravens bigger than pidgeons?,,,,,,"no, the same"
3,Are crows smaller than ravens?,,,,,,"no, the same"
3,Are ravens smaller than crows?,,,,,,"no, the same"
3,Are pidgeons smaller than crows?,,,,,,"no, the same"
3,Where are velots from?,,,,,,Spain
3,What color are velots?,,,,,,Green
3,What color is Kyle's velot?,,,,,,Red
3,Is Kyle's velot green?,,,,,,"No, red"
3,Are velots loud?,,,,,,Yes
3,Are velots angelic?,,,,,,Yes
3,Are velots hairy?,,,,,,Yes
3,What color is Kyle's velot?,,,,,,Red
3,Does Kyle have an endotherm?,,,,,,Yes
3,what color is Kyle's endotherm?,,,,,,Red
3,Are the yellow birds in dogs?,,,,,,"No, in cages"
3,Are the red birds in dogs?,,,,,,No. In cages and boxes
3,Which word has Latin origin?,,,,,,Liminality
3,Does Elijah live in California?,,,,,,yes
3,Does Elijah live in Irvine?,,,,,,"No, in Westwood"
3,Did Elijah live in New York City?,,,,,,yes
3,Did Elijah live in Irvine?,,,,,,"No, in Westwood"
3,Where does Elijah reside?,,,,,,In Westwood and New York City
3,Where did Elijah reside?,,,,,,In Westwood and New York City
3,When does Rob eat breakfast?,,,,,,At 8 AM
3,When does Rob eat dinner?,,,,,,At 8 PM
3,Who is Tesla's employee?,,,,,,Steven
3,Who is in The Matrix?,,,,,,Keanu Reeves
3,Who played Neo?,,,,,,Keanu Reeves
3,Who starred in The Matrix?,,,,,,Keanu Reeves
3,Who acted in The Matrix?,,,,,,Keanu Reeves
3,What is Keanu Reeves in?,,,,,,The Matrix
3,What movie is Keanu Reeves in?,,,,,,The Matrix
3,What book is Keanu Reeves in?,,,,,,I don't know
3,What kind of movie is Dracula?,,,,,,A horror movie
3,What kind of movie is Happy Gilmore?,,,,,,A comedy movie
3,What do the young man?,,,,,,The cars
3,What do the rich man?,,,,,,The bikes
3,What do the poor man?,,,,,,I don't know
3,Is Sam's dog friendly?,,,,,,Yes
3,Is Robert's dog friendly?,,,,,,No
3,When are the rates going to increase?,,,,,,From 12/1/2018 to 12/31/2018
3,Why does the Federal Open Market Committee raise the rates?,,,,,,In order to keep inflation steady at around 2 percent per year from 12/1/2018
3,Did Team A make any mistakes?,,,,,,I don't know
3,Did Team B make any mistakes?,,,,,,Yes
3,Who made the project possible?,,,,,,Team A
